{"file_hashes":[{"block_hashes":["TwJIx2pFW+gi6OQNahZ9k6bsdw7lSVzovT1u1XEETEA=","+WZZTyNj7vKaky27VUYUy0Z98kRVoNpxUbCrNWacZA8=","pY/kmEIJVrL84lFA1YdLiX+HH69rvmkEqkSP3vkCCMY=","q/XmAoDx4TKe89bOpGDtLBGzRVFVKlI+FiRA/96in7M=","LDXiqAjZ/Lfy86U3Gox5GLFOt7ZazZvVhoxeQoEoenY=","TGwOzjImRbQIDTSo71tlq5qyd6metMZHg3Moyo1c27I=","JZ+x3gEeNdpupJumz82y94nMF91yFZEiMbo+DjSE12M=","9CHHSeSRlbC4EPkl3zaCpaoeLUYZgbIn+H0Dgl8g7kQ=","aDrNkBA6e36fhZ+YdqngU2cBvVbQnbpmcrDJ/OS4/kA="],"block_size":4096,"path":"LICENSE"},{"block_hashes":["jxsck6s0WpNw64we+wpHV5dcPZjpAoIJgtn1ZIyv87c="],"block_size":4096,"path":"NOTICE"},{"block_hashes":["yMnf3Cq19l4wJPpLkkUNQeISYmVgoVf1+bWquDUiVv0="],"block_size":4096,"path":"secrets.txt"},{"block_hashes":["BEgO0Zex6+760uY6gggD7QhkTb87ONkFlg3/7Lmno68=","/vRadeKE1A5IFktRjPJSrf/iCN2q93xWJFZnd23LVSw=","j0DZK8igYKUTWgB19PjCjbdNyoMbU8NSdbS2vv6l5uw=","+BC44MxsUkRuY5Gna3Q642JC/VdiRcOfl5e1cCUmRCg="],"block_size":4096,"path":"src/assets/fonts/files/roboto-latin-400-normal.woff2"},{"block_hashes":["f5I1UNsO9DVhA0x+NaoqWxkubMhok3asIGBpmTJvGzM=","fl2YTxx+oxPIcGpG+7yFWZ58vywplcQbvwicwQXdkM0=","ANtX24oBToQLtlyp4vGYyk/FCp7Ac3CFPCMWY76882k=","/sNWm1jQjgU6cjf6c3lBdXKi18MC4UPwrKulaccb9Wg="],"block_size":4096,"path":"src/assets/fonts/files/roboto-latin-500-normal.woff2"},{"block_hashes":["bLmTXiwbIYpMMyNMDj7mHVRA4/gaXjABQQGCB1wK2ks=","qIZpDWTLMwfDVrxQC+IDbQ7Sw1ugTZ+DmI9vrLfaGCg=","GsTkb9OlyPiLkU4rNVbgSKe6ZuDX6K/rb7oQK1oVFuk=","fnyiAv2YrExN4oa6CxAa2g9Ae5JL3IW3HiP36rpwPa0="],"block_size":4096,"path":"src/assets/fonts/files/roboto-latin-700-normal.woff2"},{"block_hashes":["PIf/halJRbG2+zWoXLT6klRVtrNX+FhMfdcFlw4X0Hw="],"block_size":4096,"path":"src/assets/fonts/roboto.css"},{"block_hashes":["+tkqiIvB3QAbojaR0E/CuocmHE1CCmkDyGPw8QLq8vI="],"block_size":4096,"path":"src/assets/icons/app/icon.svg"},{"block_hashes":["2TVtb91fkCKl/KTjmnZcYu6U6WJnxzhx17o4wS5bfjY="],"block_size":4096,"path":"src/assets/icons/misc/favorite-filled.svg"},{"block_hashes":["/lK+ZySfC3h2Jg4wqhQxonR/b5jg8wKNPZh8WnH0UF0=","lRBh5/1ETwG9NOqpE323YwGHNloF13HiOi8VRgFXWdg=","mZH+eq0Bu1AuLyZ+EznWTUCR8fmSrDvDQqIv+PlLudI=","SSqkCoDP3zExdbWO0rJ9DTra+OyRHpN0/i2qZPZNTHk=","bWntVZpRc4B2+06lr7CG9e5F86b0ox/WLAYSW6L05kU=","RpcMhL2EEJpU/NvOT48QPg2OFmBAHhFtb5cAKa+nBOo=","UDwuYMv6+IgEIi7GrpkoTUDQkV0I0rceOP3o6JGoFHA=","CadWOnHypdQoomNQQixD9QhTlRLUMWSQ9Agzg+gbn4Q=","IquM/C/P6+RffPYJuh0HaTeqSnOBr2vtUkRVfBeH1ws=","Ybfifbr23G1jbGIgHG+r1sFN0vhp/vSdNtabwDnDY7A=","BR9TQJlerIOI44iSUIHxAJaSDGgeHVVZYkHTQqyQsaM=","LN73Qlb9x/RJwBqehN9vQthnVIPimgI5vuls14saVjw=","SSSsc3IaUP9GzwaVGiFUSXWGNbPj+4x408I7GsCyib4=","Yv/zDzFnbb3wF2NJJJrfHt9PgfMkt8mDdtmMCdxAhDY=","HZOTaIWvQwbvrW6z02MGvc2f71s8J4yoOnZfVJFcKyA=","vvJy9gT6kATMux06TDD1OeSbEB3MOObCbAAt5c1kvoQ=","3+FqjbNmsw65oICGkhWrA1IphIXd2BhlrK1cLnhMXl0=","aSYhvZuFMuDvThyo+F1U5aEQAsz69jPfmbNzl6a+JdM=","1+5tUowz8J78umflen8yrCyMFNUAXZVNaCrgqniiw+o=","CxhkdBnz9huuJJDb2FqRDKw6XXAOdiYepPJHOkIWwV0=","o0/jHAbU2yKNSHgEt7MbrtqQSos6xq0Q2IG5uYhQdeg=","mNiselD6muxswieCalcuOSxdc5CmNxDybWBGSK4Tw+k=","Kd5xV+xllaJRtuL1hGVE/+szzBlRtn8zehQ9cKKUPw8=","3YFZv6hboPC+afIyu2G547tGuiNu4aJAd8D3YjhPbTY=","y5x1tTZBfydGjf1OSXz2q86idIsEW5RcW55jtgUtzlA=","TWidEOD9fEpzbDcW73/TT8wJ5dpllSRgtI+qCh79WbE=","GCpPbHnVXcieRAnFWGb43jN6XZANsYIt/lF0I0qb+BM="],"block_size":4096,"path":"src/background/script.js"},{"block_hashes":["zFn6h+3WI4Bjd8kEvLqmDo4qaSxLg7m1/ylv9X01zV0=","jB8cv8qD+E+mNllV/6CJkKurNRt2ykPCexRx7vQ9fAI=","hlzzggBSynsJg77Qioy7hYcraDCPJNMB14ehxpIn/PI=","uKuQx8Xbt+Av4XH44vjJH/vHnzMSqYBXOa+HntcDgps=","B/kiB26sHZtrYphAedH0mg/vatLaEw1XLNNDKBzg0aw=","rQDzLB59Jrei0DAd9I0ro4bHZ2zo2DH4UNFv3WsqpTw=","mNvq2crsR/uQRrXjd/FvDpLdBZd7n+Cb6JtrenHRnLE=","6BbdHmXkKPcNI8KfFZ0VVqRMAUYNsH2FvRDDiWsEdDI=","Ps953M5/Xy7AxAHHVgn8GeYBEqQ+Cy9yNgd+wEceITA=","x2w58GCPe6Ns2ar9yxKnS8dDFR+BUwRkYEYuElJxRE4=","or9HLL9rwS9mWxllJ0TlF3mYjHSY2sc4BeHb/Q4VfoE=","RwvxTrKQnNOFtWlcnpkhXawD36TWwl39FZ4gW/JY280=","U/rsF3InSgFqUiHHNZF4fpBtdoV/vYdddmJGpOeD+lE=","mD5HV3J7TKj5+3K/jlFpMsagD0S217O4NCoZEopXaO0=","ZIJju9YkzTLnYViiPRWoqE1VwBjT+fWSqcmLAINMu1w=","F+EJ/W/EZ31ddruE2r65RdoFcE4gx7sBOXZv1me7sDE="],"block_size":4096,"path":"src/base/script.js"},{"block_hashes":["zjAlKMOK/BG0DJPm86jRvRbCQNnKjhIpzlYkL9olzbA="],"block_size":4096,"path":"src/base/solver-button.css"},{"block_hashes":["eZlpkhoWMM5sZnPb2nwj/uR1CPywF8VeBH/X2GWWWB8="],"block_size":4096,"path":"src/base/style.css"},{"block_hashes":["AdHOgN6Ir/+kW1dzX7OtFUOuEjLGm3tzMIFn0GkkI3w=","KW27Y8zGtBhf/2SlGxgGylC1EnVCLG545+cJ5XSYndQ=","CUxilfUPQb2kOY7vn4NWExWPkHoNMbnARlSa63Pmwm4=","u9csDP5tlQB/Z+uSTPULHGiKowj2iV7MbY0Id6/3fK8=","F0UD6Q8bIJO/aGZIxHnjxSBskXc9nLw6UU9SUrntACg=","55tS05/qm8CK6i8sQaW1oYoG4cmB7+7OW5qfLjyOYBY=","skKrlce1IxrfxGsCGMNgr92F18J1Er/Vfvxl61OgnIM=","N+bYkWD+l8BW+abBxMRgp9J6089mxaq2bgaj6k60I8Q=","5ozcG1mhWcOyGYOGv6tphmHNpPn9p/vwKqcKuvFae5g=","Ae4FpVzadTvezNQeACu3wVSnpar6vTJNgmMwcJ1bc3M=","nHQ2s+iyPMWxKMvfjaWa2aoO1EFqPJXftQJT/temQbU=","GWPZ6eNK29/UhtOeut4tP48tyHG1jTrWcNnu2q1j/OA=","4qPWUKMK9OAGuLg3bI7P2r2QvDZT/hS15IXrmOM6L/k=","JGfYNlOeZ4r7ZRsjbZ5FECO/5e+LRIRpnsJlmAbSdsE=","pcX3vMcKO8hnwaKa8NglJ3hFoW8rIGooqTRUBb02yq0=","/nKTkLlcDY+cpoP4G/6lc5xEmWUe5MILjcLX1p7Pjd4=","dwHCG740LsxK14pVKtH9sF9ooAHr/xQ02r4X4by8kL0=","qBhoI2bQc098XfRHsAIP2mzdE7QvUBgBfzslj6Df+W4=","XvcO9mWZdqxypw9CFvVcoY2iz9y0jYotkWtOECVprcY=","C4msnf0XSutC+u9MWYlaRz9KkYCVm9NCFpNnOg5R/IY=","6yhPsf2TP2JdOyqg+qhT+BDwXsTVsf9uh4b+Onk1xWw=","Tw9j/sTR/aShnshQuZ7XbEhH8GQG+jCAumqlIkciacc=","kB5kWFQMD3qO9un9OXLf4FjkWHNrt8Y6i2rZutIaVCQ=","TfOCeR1YnjzQ9eGp392wMPhVBiSy+UHSkUWaev4TeNQ=","o8eTRz14ufWE5UJ2WAxXay+LLh/aENwppw5DlRfLaSk=","sXFyjsNLcxTh6XYRU9TBRzeDUdpzNGOEj7nQMEFPp2U=","cbo04xmSaNX0VHuOciKzCW1bBZVNFV6mhtpjw66Xo0c=","2RK+P+WagbxaL4PF+aV6eqZhSlXCKrg/zy+p0gNP0gI=","3WR3T4WyjK0/+zciLnCmB4N5pdm2JCkLAqPmnHopxsE=","OweLyDLJDgTKIpVb+BM0l9ALbHdsiHU026JRDENhFVo=","l+y0T9Z5GMUU/EEf1QzTHqMn+IOmFPLtvDc4o3aznpE=","sWZSh1m+r6j9VblzK98Lejb00qDjD8m8GO598ekmCwY=","QGvp/kD4Z6Vc61K/6RrN8CzKW1sk1scEeysBDP3f/m4=","lCXeoEnflebl5hzTMpabQXZwxHu1yMDqdUIPUU5jM/8=","30FOfU1dEH31bNXXrUEf/uR+szn0WUbIEaL40LH6YDM=","zwhUfnMtaECYgnLqgUYQJmsB+Us//L7656TCaULcs2U=","xlXziPZJ4u+iqbZYr1MtQ1emTEXMJQl0XqfZd+KZkI8=","V1VYk5qT9stC73LhsM/jlpQHtXYWoVKXaB93gH2LIs4=","I/D/iwYpqzuFz+84qZNBgxIHZ1r4VrVPtu05q0Fills=","0vs5l9ya++eQGsTouAkQOI3NKtHdtbbjD60HEAYEP9M=","Zw2HsCphlVkm7puA0g0fKL0F0wtving73zLqU+54znA=","NisAokXM7vTqC0T6NHq3KqXdxFabMKfgCZ4mCEgCSB8=","L80ZEv/Agc8TPESIiOzVAfXiXg3Tal2LWfIXrGpf27I=","MDwZ55HEsxhvf45cDUVCra9jk7O8XOFX3qu+23Eheg0=","Obu8e0UnjOtAUxpmunW8eXYTc7+/zXgFI650nev6fN0=","6crl8RYOulTWVcZusjXI+qynJ4Cgj8QZXVqKDxj7Opw=","x5XCb/zuhxqzWv4wEZ6fH59BazTp1EWXPe2iAr5+e7w=","0w68qCoxQiVXkkZfpC9Aa3YLxQcnNXIJM+vajuHIozY=","7oy9LIHU40br8hJwUCQgVYGorLqN11yBMZssPl9JWgc=","Gk/e0dwgQ9701MbTMR9DzBy17vu3FjtkAjGZXGT597A=","1ExT9BWZipCVami1Zy+mfR77xL0nf9khsaLU5nareMg=","Z/EXkpA07smSci7NPsp7QUVYXrjaT6CctMzVbDScQLA=","R4W/Vi0T6h2MvuXf0LnOUsfABxYS0nU1JwZIw+Lhauc=","wXSmPAw+qQ+wSiaxNTfkj98801sgv37VoYwTUB69f+c=","2979ChDtd3VjtrXT1miR4Sx8Rv1LNkTvLzxmitTEJN8=","0vUrFKomRoR6SeFHI6qD73mMI+bUfzkjIQu01Jfikz4=","zpFn5svsiww5s4ySezR14MpYjV3HfbnyY6tumv4Xvgw=","NxW4yBfyzxUvCVGKD30MfH2OWpD3+Ep97lUQ2IkNKy0=","qQdJdupLFTLPnFGSfCB/t8VV3WKQ17cbcra6AgGlvjU=","ivMVnYuEAi5L1VLa+XA46SzRGmEx+e9YD8AtMIPQHso=","Nb/+XB6yblEIWvw0JTGLpisSWOTn+nlSbcm1B88fQVk=","jK1DtbJhqUj6mNtakNXg/H36j2le5qAx21yufRxiCWw=","LWQSBkKjoPfuVU1WaI65DpePJlL71sRtu2z3DSeyIYI=","LyyMmkdJVEw3waGmhoGo7jCsz2wpRJcPfKhGMPeL/Zw=","8mhD2MbiosbA/ijjXBOtKgYuuu3L/Oe9HCABGI6blN0=","kcPN50r4ky75h2319H/11ygsAtyT6wkF6oGVL99fOuk=","l5rc60gNpKS35ZhuQcDsLedCLB45RY3UG/i40QUox24=","djO05TeWMv4Xkg2qYsoq2MS2De2HJsvL+4JVMoepMVE=","9CFmh25TwsvukG8HECGG5kBXibJyXYez/8g5KbY03wM=","LVBUn4vwBPvNn3JqVbjmjdWrYYjUge4lCWJwZ2q04Jo=","gr196JQvlNvubEthvsRx3cMyTtpnU0s0HEXlXaFxd5A=","bIel8ZV9sADdFZu79tYa7EpWB7XAR6f4X6WwCJFHFLg=","149PD6xdCl/Ay80yRhiyBb3eW1uis0gG2ubNdNNa3u8="],"block_size":4096,"path":"src/commons-ui/script.js"},{"block_hashes":["vPBpzysRhVNkqo9bLTRrCGFH9G3Wm9aY623KUHq/wB8="],"block_size":4096,"path":"src/commons-ui/script.js.LICENSE.txt"},{"block_hashes":["HiMviGC71Tlv32TvV4/mHlt1un18GqCQ909xeajTics=","hd/sooE6U1HdH2O3JFYnhG/RIwkMvyH5f610ij64H90=","XUAZUGZYRVkjcq2AALRPWrXB2GNfgc6QdmlwULRTSxs=","6U/42rlPv+8IQFX/6BnY0BaDMMEvoTB1+TAYVzLasbs=","OyZNGYM4MfaaJ22ocNQ0uDQoXozFOBI5xLc9PGbFtuk=","BYg8C6Z7LHC0NYJslWC2War2ElhC9sCwn4EAmKhWQ0M=","nyNqCLVC9Pm/ufJndXp6+sTXZuSqzc7NwUZPdaCehgA=","+54IOwWvP7UVlZval9eaGlLdq6rDLokuFRKclsz6Or0=","PQubPOOVmSpuc37DRfLYJ7YuUZhFpR3Era/eFEE+9QY=","+a3hIES1EP3wOkU07kGespkVWuNgrdSv9zx3v+Cn/QM=","KMa26R2ice0ujnBnQ6+Inns8umT95eWi/m6+hcVYhIM=","lMdCX/u33fZEjCqJnle7T0tE8qwjfuRN8Gi4CIvINcs=","we2Tr66wa0MXL9kQz/9chntcV6GveMbX5g5zaVydO1U=","qfb212WTc5wby8dGkk0WFgK9v5MCZC37srXLks4NAxo=","sxYb+7dMKLyqC320gO54KXNJD394+3On4tDFuI1pktk=","U/7xh/aZiwp0KesGt16VlhD/L8CuVD9LXgoxFV9nUL8=","xNL8KrLdL2ygOw+zH0lOXfLfBZ7GiTkjAjhEB/HZWqQ=","hFoAGqGYUaKxy9IKqE0tEC7gReRFuvxhyRS4AmQJ3LQ=","HkaM5A6v+/KnkaDgKDK0LqLLq+zQgB7Vnt5CSrXIFOs=","62EADzoH03zGBGdzLegEKB/NlIj2nDnLTEQTwIfxHE8=","pn17qdTZItQ6MPLuPsFJ+hkx+YfUPYzta6OuBSX4CUg=","BWjZowFdJQ+olBp0D0zpdVK+AUdVZ8skikQ7fIT6EZc=","qWquUVsvM2cZC1U/dJ9ShJWEDWENaFCm3zq2vRZENI0=","kdJmKne+TyT8zj+acZah5JwnPQ5OPvKT7hfQiFs7eic=","gK0BZmkOFF1AID7gD7AR7P/2R1LwtU8Y+W5IYeNk1PY=","t4T5Q5ZqPk/ZbKoDynCC/RtrC3Ja0ucuQ5Kwz5lVUKU="],"block_size":4096,"path":"src/commons-ui/style.css"},{"block_hashes":["KsUI0rCGJFCgcYKUX8CqRpNBuzTwPNrwV8mkrEnoalU="],"block_size":4096,"path":"src/contribute/assets/avocado.svg"},{"block_hashes":["ydUuUkrzP112F04A43d/UYl7hCKkoWNimy8Zk94aU64="],"block_size":4096,"path":"src/contribute/assets/circle.svg"},{"block_hashes":["8nHWWFX8ULWzect24uqUUEcOUinuvHelqTV53rewFiw=","OOC49Ey0yu7PTuoh6Jne5DnInqkUegwtsgKuxKmr5BI=","l7rTyki3zT47OR2TLIsWmhOJqdFvfOZd5k6J9cqACZQ=","mruDKiVK6H5M4YNcVdnMjaPSkkKNMEYjdO6NRzfqXQQ=","NGLcrOBD4NsjXrJPnpw3s1dTadQwf3ZeUIwVm6iYOi4=","QLv/cNEHNiJsIqHJluIyE6LA2kM/aHjHCU5yfFaqsvg=","9fx8ZijkNt3Fko+76vsFoc1HH5m0KyVANHWmHlfM5Jg=","uYgrL8ZQL3yNpHnoOZudzJiM13AEdvzc7Lmk4SyVVcU=","1HPfKkPc+drPVX782tb7N/FFRXu2VtdYNHIBZO6TYdU=","yT1/Sn9SgVXKwTyQ+F5nRYBPr8BGsUg3NOsgc5VxJFE=","OX+6B1El3vOD3tzl1Y4aqEbluHshLaKpU0svGKlsl4M=","yZdnRBYDbINutrrPeTs5IDzkhZc3kgAMAfuJwit2+5o=","Nns2c1+q3ly8lzp19uGiCKU/o7H5e9TlXupJ4XPbzKo=","bUsg3Ar8teRXr4LqvjHZdsOFgF1eXXjrBO++bPhFiPM=","qHkmLYCsYrMeBBoJ2MKlhmh37El6r+AmdHWdHM8DCw8="],"block_size":4096,"path":"src/contribute/assets/illustration.webp"},{"block_hashes":["EQzJ8BdrJin9LLG0/BMWrLlE02FR8GofPHQEzQlptv0="],"block_size":4096,"path":"src/contribute/assets/patreon.webp"},{"block_hashes":["qQTFwgSTgXoZXsZrGzwPVLh1p3sEMXEQekYvMcqTCSQ="],"block_size":4096,"path":"src/contribute/assets/paypal.webp"},{"block_hashes":["17dD8qMYOoleRE+IoNYgFZ64rKEbvYLZujv6HI51mvA="],"block_size":4096,"path":"src/contribute/index.html"},{"block_hashes":["OkBt3KCtYeKeLfkVd9Kh1ts+uUSJA01O100GKTTu8/w=","KCnVU/Des7Sqj6yHv1pdd9c0PInnCHerCl/P/9K5euc=","DCLo1MnqfqnAoVxsXctwavywWTEJCYa7Qn04IQ4mGdA="],"block_size":4096,"path":"src/contribute/script.js"},{"block_hashes":["Ou4ZNGhNXCzT1kt13ljvQEMvn67XYfAY/qUb/EQqdaI=","KvEin7hvF9HATW/Cq11BznKgBpMNpWzHjcKffFlcJTU=","3Marf6ncP1ZHWkeVJbxQwsWZM2XwdCV6d9AML6KUihQ=","OxxdW+sr5+eoew2auMWiH+bgA04/HFT/EqpofvFDQ1w=","A5ziUXJC570ROO/RQ/fdn/HB5BdTtOIPEvlaXyMrxtA=","evwWnGpix/SuIPSNOXY11YzEPyadGoEB7q3leK+neJQ=","Qm4eencNAH4Iv5wNU52FtHOXtiewBP+4wtEohugfmKU=","1P0KLI9lwHMO2zGXQmoCWyHyEiOt3du0dISpW+PcnfA=","dyjozMeVNiKygahQsYFIDRy97JV14WMaDvSjctJws9A=","3Xw5omMKDIrrgaRhClG2JfT6GjQ1dXWaYsLFzSZ4ug8=","aOLvKIg6gnC1mjioycCo+W86g168q6pqT8ZirYZFN2k="],"block_size":4096,"path":"src/contribute/style.css"},{"block_hashes":["Ke1TLQiDukRwfI2pQ4MPMgm/FhUi5XY6CnGMaq/ye4E="],"block_size":4096,"path":"src/offscreen/index.html"},{"block_hashes":["zFn6h+3WI4Bjd8kEvLqmDo4qaSxLg7m1/ylv9X01zV0=","jB8cv8qD+E+mNllV/6CJkKurNRt2ykPCexRx7vQ9fAI=","bZgFhPQPtS+vPbOscMlUSdYAxIM2o7msTihYUfQPd9g=","uKuQx8Xbt+Av4XH44vjJH/vHnzMSqYBXOa+HntcDgps=","B/kiB26sHZtrYphAedH0mg/vatLaEw1XLNNDKBzg0aw=","rQDzLB59Jrei0DAd9I0ro4bHZ2zo2DH4UNFv3WsqpTw=","mNvq2crsR/uQRrXjd/FvDpLdBZd7n+Cb6JtrenHRnLE=","6BbdHmXkKPcNI8KfFZ0VVqRMAUYNsH2FvRDDiWsEdDI=","qGx37CyVH2sUuZ7IVyzRXlZzeZsrOwu3BO0Xf7kcu4I=","34XTsjsAXM6rqpdN/dp7egBWMs4uYu97U2IlPiXvfBo=","+3Y14hT78ST/iT8NKcRtPKr1WRseLZToDej9qCoo+FM=","WvR86+9LO6Pl9QH985ktAucGcorgpiQoP9CMHSgi490=","sici1YwEVHLwvriSkEAkgm/+E9xrevTi72BEO4fRKCA=","um077mPId5J7iVK7RPGeRFfn57jxQwL2u+l0RpC1Sj0="],"block_size":4096,"path":"src/offscreen/script.js"},{"block_hashes":["17dD8qMYOoleRE+IoNYgFZ64rKEbvYLZujv6HI51mvA="],"block_size":4096,"path":"src/options/index.html"},{"block_hashes":["AAKVbbDSeYtLGBigE9vWjeVc6qcdLsBKrmNZXazHrvE=","DD9NLKmUJTG8j0THg2eqe+IkaByvBXbhGbM21PprrY0=","3+MtIWVYgF9XNoZ3IFyEal8NOLLGk77cIn540GZIY4s=","AXD52sOnyExUV7Jcdh5Arw5DYFx7iYTmOVpX0g4KUHQ=","uj1vN6SlvprHZ391aEhIV7c5NnNKBOZp8PGWG6qvyZA="],"block_size":4096,"path":"src/options/script.js"},{"block_hashes":["PgU2n6wVRN1XxwBZn6C515uXtHOWJ9cfRcNxFIay7S4=","6C30XltVKVdW7Ze9V/qZp3zVpYoHArTBq3PxCU+5g8Y=","2mEQbT1CnSbPMFMmMdrGSlRBwsQ9tBf4OCBy+kTI5Pk=","r7QNXvmF5TpDoNahCAmef002aNJYSd4jnkUiGFubZQ4=","Mi9FwQ4+3Uj1+s35MxyYVswd/p8gIKwaEkV3QH2wJEw=","OEsaAl/QsEf2fzYENNXS5SCMIGSdkQ67IVC2Z2ZGkvs=","byd0aiXWSIgxRoUyqCcRv+A/3wdKB3TCsff6iLEhaGM=","sz2aXrfcIfRPL0FJIbgszDdtc+0DtK+KlzNtKTOCWQY=","mrQhcOtwhG2Jp+zTHPVy9z0zX3aAAQRfE2+dQAIvtNc=","QUXfgRDeyYbt+1OtDXDm2HZVm06urpLPKxRnXpLelI4="],"block_size":4096,"path":"src/options/style.css"},{"block_hashes":["rpuGcp7W35lz0mWGZ0VjopuYmd3xNdnkSYRx4sCZVaA=","e2YTfv6Ngp41KahL9+jbchVSCtR1cAH4qidqEiqSStY=","7lhVahglIcFIyu/HA8djipsxWVnAiKPMD/pK+zP3Lyk="],"block_size":4096,"path":"src/scripts/init-setup.js"},{"block_hashes":["4dNxinWZxx6QqdWzs+21DcP+HhbpGPqajCxrBSKdx6Q="],"block_size":4096,"path":"src/scripts/reset.js"},{"block_hashes":["k6uAcrlXen9cIioAx8E5F8aJ2QhdFTzhH7zfdXL9f58="],"block_size":4096,"path":"src/setup/index.html"},{"block_hashes":["8PKP9JUd7n1MzObmldkh47c3PZKtWCdZL3Llx85Rvlk=","bhxghq11gRxf5x6yiQCPy+jNleuMfCZUecxxK+8dJQ0=","iQ27FSJR3HMVEBvB/nOwB7sHrIEXU/0bi360IfD+A8c="],"block_size":4096,"path":"src/setup/script.js"},{"block_hashes":["PgU2n6wVRN1XxwBZn6C515uXtHOWJ9cfRcNxFIay7S4=","iTesLiP129jwl1pQQpLQUvD8qObPwU4KwWYum8nopLk=","xWYCaD2m6twQEwY0jeGbv3MfEdXq3XlQZ8Ri6dcyZYA=","FH/WYYOKEoJTIeg1w0UzfaLSGWIYVru1WborfKHfzjs=","Tk85wyqoH3CwozsCWHvEfyJC9roe+d5mCCP4ypGVoRo=","jzajLcaM3yteSyScf4TwRHcudaApM+MhI0bNm27BKC0=","acxSZpBbZSqrwBLX5mKj+3mp0DhJUYD9BAZzssbUKn0=","9h1UsQvSa87uePXc6pADfpN0/RzHFz8i7zF8P5VxO1s=","RWfGOja3Mvqzyqm/xAnkpSL/jXunHMWEt+tgDdYFboE="],"block_size":4096,"path":"src/setup/style.css"}],"version":2}